model,map_at_12,hit_rate_at_12,ndcg_at_12
Popularity,0.29166666666666663,1.0,0.4688210207132338
