model,epoch,train_loss,val_loss,seconds
MF,1.0,0.6933707098166147,0.6937743425369263,0.23467040061950684
NCF,1.0,0.6933338840802511,0.6940017938613892,0.266263484954834
