model,map_at_12,hit_rate_at_12,ndcg_at_12
Popularity,0.16739690699512128,0.65,0.24922988259477513
