model,map_at_12,hit_rate_at_12,ndcg_at_12
Popularity,0.14595959595959596,1.0,0.33046674962715966
