model,map_at_12,hit_rate_at_12,ndcg_at_12
MF,0.25849206349206344,1.0,0.443852495252872
NCF,0.47269841269841273,1.0,0.6158062558206868
